世代,個体No,実値,適応度, 係数0, 係数1
0,84,-4.040,-40.404,1.04,4.01
1,97,-13.187,-131.873,4.10,0.11
2,71,-3.423,-34.229,2.37,3.24
3,32,-1.660,-16.604,0.39,0.86
4,51,-1.983,-19.834,1.40,0.65
5,67,-2.121,-21.212,0.55,3.39
6,2,-0.446,-4.456,0.40,1.71
7,70,-3.249,-32.489,-0.72,1.47
8,8,-7.964,-79.638,3.15,0.18
9,65,-1.606,-16.061,2.26,1.92
10,97,-2.568,-25.684,1.36,0.44
11,37,-5.762,-57.624,0.53,-0.35
12,31,-14.644,-146.437,-2.34,3.86
13,81,-4.115,-41.147,-0.39,3.48
14,34,-6.597,-65.973,0.28,-0.46
15,78,-4.011,-40.106,2.31,0.49
16,43,-6.383,-63.833,-1.29,0.93
17,55,-10.083,-100.829,2.84,4.59
18,90,-7.777,-77.773,0.81,4.78
19,35,-16.918,-169.180,-0.92,-1.64
20,43,-1.644,-16.435,1.08,0.72
21,39,-5.866,-58.663,3.34,2.62
22,63,-1.581,-15.807,0.50,3.15
23,99,-5.633,-56.328,1.87,-0.21
24,98,-0.422,-4.219,0.45,1.65
25,47,-17.215,-172.150,1.69,-2.09
26,12,-11.350,-113.501,-1.24,-0.52
27,40,-0.233,-2.335,1.39,2.29
28,63,-17.060,-170.604,5.12,2.33
29,65,-22.777,-227.768,0.31,6.72
30,44,-1.761,-17.606,2.12,2.71
31,52,-24.985,-249.850,-0.62,-2.73
32,12,-15.343,-153.433,-2.78,0.96
33,20,-9.956,-99.558,2.59,-0.73
34,92,-1.134,-11.344,-0.06,2.12
35,25,-11.133,-111.334,1.94,-1.20
36,27,-1.151,-11.507,2.07,2.01
37,79,-6.997,-69.971,1.55,4.59
38,6,-3.766,-37.660,1.77,3.78
39,35,-0.815,-8.154,0.88,1.11
40,36,-1.356,-13.563,1.20,3.15
41,62,-7.917,-79.173,2.03,4.62
42,50,-5.740,-57.395,-0.38,0.04
43,46,-0.454,-4.545,1.38,2.56
44,48,-8.059,-80.593,3.28,0.31
45,11,-6.972,-69.724,-1.53,2.75
46,3,-1.733,-17.327,1.92,2.94
47,63,-11.677,-116.766,2.14,5.22
48,52,-10.935,-109.346,3.71,3.90
49,4,-1.096,-10.964,0.63,2.98
50,69,-23.694,-236.938,-2.39,5.50
51,81,-4.039,-40.393,0.08,0.21
52,27,-4.921,-49.210,1.03,4.22
53,41,-5.649,-56.492,3.23,1.17
54,77,-6.503,-65.029,-1.25,0.81
55,33,-0.935,-9.350,0.69,2.91
56,83,-0.951,-9.509,1.95,1.77
57,67,-6.990,-69.902,1.64,-0.57
58,96,-2.147,-21.472,1.43,0.60
59,26,-2.454,-24.537,2.45,2.58
60,44,-0.004,-0.044,0.93,1.99
61,72,-3.977,-39.766,-0.92,2.53
62,33,-0.357,-3.575,1.28,2.53
63,99,-10.748,-107.482,-1.98,3.37
64,59,-0.469,-4.694,0.69,2.61
65,54,-10.425,-104.250,3.46,-0.09
66,50,-9.478,-94.777,4.05,2.42
67,25,-2.584,-25.840,-0.61,1.99
68,39,-4.706,-47.057,-1.14,2.36
69,68,-2.052,-20.524,0.60,3.37
70,4,-3.286,-32.858,-0.81,1.88
71,17,-6.194,-61.936,3.42,1.42
72,26,-1.283,-12.825,0.78,0.89
73,34,-3.531,-35.307,1.37,0.16
74,1,-0.752,-7.518,0.83,2.85
75,29,-16.682,-166.823,4.80,0.50
76,27,-27.545,-275.448,2.51,7.03
77,27,-10.778,-107.785,4.08,3.13
78,9,-8.753,-87.534,-1.70,0.78
79,99,-10.314,-103.143,3.81,0.44
80,79,-6.924,-69.242,3.49,2.85
81,19,-18.063,-180.632,-0.29,-2.05
82,31,-4.132,-41.321,-0.95,2.56
83,20,-8.069,-80.694,-0.56,-0.37
84,69,-7.793,-77.931,1.74,-0.69
85,76,-3.705,-37.055,1.02,3.92
86,75,-0.463,-4.633,1.68,1.98
87,41,-10.998,-109.980,-2.07,3.26
88,79,-12.328,-123.284,-1.61,4.35
89,28,-4.903,-49.029,0.66,-0.19
90,92,-18.289,-182.891,-3.26,1.62
91,12,-0.986,-9.859,0.55,1.11
92,70,-3.243,-32.428,2.68,1.34
93,11,-2.990,-29.904,1.78,0.46
94,54,-6.550,-65.496,-1.51,2.48
95,92,-3.703,-37.031,1.26,3.91
96,95,-9.831,-98.314,4.10,1.55
97,43,-5.734,-57.336,2.98,3.34
98,37,-1.579,-15.791,1.22,0.76
99,12,-0.642,-6.424,1.80,1.92
100,33,-8.154,-81.536,2.66,-0.33
101,30,-4.554,-45.544,-0.79,0.83
102,97,-7.046,-70.460,-1.65,2.17
103,70,-9.084,-90.842,-0.16,-0.78
104,2,-6.446,-64.462,-1.09,3.44
105,20,-6.725,-67.247,2.84,3.83
106,39,-15.117,-151.173,4.58,0.48
107,62,-15.117,-151.173,4.58,0.48
108,62,-12.805,-128.046,3.42,-0.64
109,37,-7.501,-75.011,3.24,0.42
110,69,-2.527,-25.274,2.24,1.01
111,95,-0.041,-0.405,0.81,1.95
112,2,-12.892,-128.923,3.22,-0.83
113,92,-12.551,-125.510,-1.93,3.99
114,38,-6.828,-68.282,0.13,4.46
115,74,-1.940,-19.403,1.64,3.24
116,99,-11.061,-110.607,-1.38,-0.33
117,40,-1.042,-10.423,0.02,1.72
118,99,-3.646,-36.461,2.77,2.72
119,89,-10.556,-105.559,-2.25,2.14
120,95,-5.274,-52.745,2.37,0.16
121,47,-12.294,-122.939,2.89,-0.95
122,36,-9.453,-94.530,-0.62,4.61
123,63,-15.826,-158.260,3.43,5.15
124,23,-21.886,-218.860,-1.52,5.94
125,11,-2.880,-28.799,2.07,0.68
126,72,-17.445,-174.446,4.35,-0.49
127,4,-17.101,-171.007,4.34,4.44
128,27,-38.655,-386.546,-0.11,-4.12
129,36,-14.475,-144.746,-2.48,0.46
130,90,-1.924,-19.238,2.06,2.90
131,69,-2.542,-25.422,0.30,3.43
132,40,-15.646,-156.460,-2.53,3.79
133,59,-0.187,-1.866,0.86,2.41
134,76,-8.086,-80.862,3.63,3.07
135,70,-1.143,-11.426,1.25,3.04
136,9,-7.862,-78.618,2.79,4.16
137,98,-12.828,-128.278,4.52,1.34
138,6,-3.154,-31.540,1.24,0.24
139,11,-5.143,-51.429,-0.43,3.76
140,48,-15.237,-152.374,-2.05,4.43
141,40,-2.595,-25.946,-0.57,2.35
142,54,-9.381,-93.806,-1.97,1.26
143,19,-5.098,-50.983,-0.82,0.67
144,68,-1.413,-14.127,1.03,0.81
145,62,-3.860,-38.600,0.86,0.04
146,60,-15.075,-150.755,-2.39,3.89
147,76,-17.943,-179.430,-1.33,-1.54
148,40,-7.989,-79.894,1.76,4.72
149,90,-1.905,-19.052,0.93,3.38
150,11,-5.545,-55.453,2.75,3.58
151,51,-9.605,-96.050,1.36,5.08
152,88,-4.984,-49.838,-0.20,0.12
153,45,-15.174,-151.743,4.64,3.40
154,89,-26.870,-268.696,6.09,2.98
155,84,-23.838,-238.382,-3.75,0.89
156,16,-18.696,-186.962,2.55,6.04
157,2,-3.280,-32.802,2.65,2.74
158,74,-3.556,-35.557,-0.87,1.77
159,29,-8.326,-83.256,-0.14,4.65
160,53,-16.089,-160.887,-2.94,1.25
161,73,-2.375,-23.753,2.24,1.09
162,70,-13.262,-132.623,2.49,5.32
163,85,-10.898,-108.983,1.65,5.24
164,8,-9.593,-95.926,0.35,5.03
165,99,-3.247,-32.467,-0.57,1.11
166,34,-7.727,-77.268,0.65,4.76
167,37,-6.192,-61.923,1.41,4.45
168,60,-26.470,-264.697,5.41,-0.65
169,6,-2.519,-25.187,0.89,0.42
170,65,-18.495,-184.949,-1.80,5.26
171,19,-14.311,-143.110,-0.70,-1.38
172,99,-8.617,-86.170,2.33,-0.62
173,47,-4.375,-43.747,2.44,0.48
174,56,-4.702,-47.018,1.31,-0.15
175,61,-24.808,-248.080,4.40,5.64
176,69,-6.388,-63.875,0.90,-0.53
177,63,-16.898,-168.981,0.61,6.09
178,47,-2.765,-27.651,0.10,0.60
179,35,-0.683,-6.828,1.69,1.55
180,8,-7.879,-78.785,-0.84,4.12
181,35,-1.224,-12.240,1.68,2.87
182,22,-8.441,-84.408,-1.88,1.64
183,2,-15.232,-152.321,-0.41,-1.64
184,74,-1.776,-17.764,0.23,0.91
185,27,-10.351,-103.506,4.02,3.11
186,67,-3.397,-33.973,-0.36,0.75
187,5,-2.186,-21.858,2.48,1.94
188,30,-21.611,-216.113,5.65,1.85
189,73,-18.906,-189.060,-1.46,5.58
190,44,-16.950,-169.503,3.32,5.40
191,96,-1.772,-17.718,0.62,0.72
192,35,-15.416,-154.165,2.89,-1.44
193,20,-5.050,-50.496,0.17,-0.09
194,87,-0.037,-0.370,0.97,1.81
195,56,-9.460,-94.603,3.16,-0.19
196,78,-8.043,-80.429,3.79,2.50
197,65,-3.006,-30.060,-0.45,1.04
198,21,-21.839,-218.388,0.71,-2.66
199,61,-3.386,-33.857,-0.55,1.01
200,83,-16.096,-160.957,4.91,1.09
201,36,-35.305,-353.053,6.94,1.83
202,32,-4.820,-48.197,-0.31,3.76
203,55,-5.929,-59.292,2.23,4.10
204,74,-4.241,-42.415,1.79,3.90
205,46,-1.000,-10.000,1.46,2.89
206,75,-1.343,-13.427,1.98,2.62
207,74,-0.423,-4.226,0.82,2.62
208,25,-1.705,-17.054,1.10,3.30
209,4,-15.222,-152.215,2.71,5.51
210,36,-19.133,-191.329,2.09,-2.24
211,2,-4.516,-45.162,-0.69,0.71
212,67,-7.698,-76.977,1.59,4.71
213,31,-6.979,-69.794,1.61,4.57
214,56,-11.453,-114.528,3.96,3.65
215,25,-6.498,-64.985,-0.84,0.24
216,93,-7.374,-73.738,3.48,0.89
217,53,-5.145,-51.451,1.80,-0.12
218,56,-11.209,-112.091,1.48,5.31
219,66,-15.801,-158.009,4.57,0.24
220,85,-1.803,-18.032,2.18,1.36
221,87,-9.016,-90.159,3.47,0.29
222,98,-9.417,-94.171,3.67,0.49
223,81,-6.436,-64.360,0.55,4.50
224,80,-6.223,-62.235,-1.26,3.06
225,53,-24.723,-247.235,0.14,-2.90
226,51,-1.631,-16.314,1.82,1.02
227,22,-11.107,-111.073,0.98,-1.33
228,48,-1.790,-17.896,-0.31,2.29
229,64,-13.858,-138.578,1.95,5.60
230,54,-10.431,-104.307,-1.37,-0.19
231,59,-2.687,-26.868,-0.62,1.76
232,49,-0.494,-4.938,1.06,1.30
233,61,-9.458,-94.584,4.06,1.71
234,89,-5.640,-56.398,-0.01,4.15
235,80,-1.895,-18.950,1.96,1.01
236,39,-13.042,-130.416,2.94,-1.05
237,23,-0.293,-2.926,0.49,2.17
238,38,-19.929,-199.294,2.10,6.33
239,93,-0.967,-9.666,0.95,2.98
240,13,-7.864,-78.639,2.91,4.05
241,51,-12.638,-126.376,1.62,5.50
242,33,-7.310,-73.101,-1.69,2.30
243,93,-5.472,-54.717,1.13,-0.34
244,65,-2.174,-21.742,2.47,1.98
245,66,-0.934,-9.338,0.04,1.93
246,38,-6.473,-64.733,1.38,4.52
247,22,-6.787,-67.871,-0.94,0.27
248,5,-14.544,-145.438,4.76,1.34
249,71,-7.576,-75.758,3.59,2.94
250,18,-9.093,-90.929,2.33,-0.70
251,10,-7.579,-75.795,-0.78,4.10
252,14,-7.253,-72.527,3.56,2.82
253,58,-8.216,-82.157,3.21,0.17
254,50,-1.762,-17.617,-0.30,2.26
255,70,-18.641,-186.406,5.01,3.59
256,41,-0.411,-4.112,0.38,1.84
257,90,-12.126,-121.257,4.02,3.74
258,6,-6.386,-63.860,3.42,1.26
259,47,-7.622,-76.222,3.70,2.58
260,70,-2.032,-20.316,0.08,0.91
261,55,-8.934,-89.343,3.86,1.14
262,66,-2.356,-23.559,0.65,0.51
263,45,-14.823,-148.230,-2.79,2.66
264,15,-2.075,-20.754,1.97,0.93
265,21,-7.252,-72.518,-0.36,-0.32
266,46,-0.502,-5.016,0.98,1.29
267,35,-1.029,-10.294,1.81,2.62
268,47,-12.813,-128.133,-1.32,-0.73
269,55,-0.206,-2.058,1.36,2.28
270,59,-0.154,-1.539,1.37,1.86
271,39,-2.950,-29.501,2.64,2.52
272,51,-6.490,-64.904,0.25,-0.43
273,63,-1.667,-16.673,-0.23,1.62
274,54,-6.475,-64.753,2.50,-0.05
275,4,-3.165,-31.654,0.13,0.45
276,93,-30.001,-300.011,0.77,-3.47
277,95,-1.878,-18.784,1.71,3.17
278,65,-5.862,-58.618,2.69,3.73
279,84,-5.194,-51.941,-1.27,1.77
280,30,-2.322,-23.216,2.43,2.52
281,13,-14.920,-149.197,-0.83,5.40
282,37,-0.887,-8.873,1.61,2.72
283,95,-20.242,-202.421,-2.87,-0.29
284,90,-3.242,-32.423,0.93,3.80
285,30,-21.759,-217.594,-2.61,4.95
286,23,-27.764,-277.643,-3.88,3.98
287,30,-4.221,-42.210,2.99,2.51
288,26,-7.678,-76.783,1.48,4.73
289,70,-2.633,-26.328,-0.57,2.42
290,98,-1.163,-11.627,1.92,1.45
291,53,-1.043,-10.434,1.64,2.79
292,16,-6.284,-62.837,-1.51,1.94
293,46,-2.367,-23.670,-0.42,2.59
294,12,-0.726,-7.258,1.55,2.65
295,30,-4.093,-40.931,-0.55,0.69
296,19,-1.644,-16.441,2.14,2.59
297,68,-1.635,-16.346,1.87,2.94
298,40,-10.003,-100.026,3.96,3.10
299,21,-2.142,-21.422,2.26,2.74
300,37,-7.865,-78.652,-0.08,4.59
301,88,-10.542,-105.422,-1.96,3.32
302,89,-9.514,-95.141,2.69,4.58
303,31,-6.563,-65.626,2.65,0.04
304,35,-1.077,-10.773,2.04,2.01
305,81,-5.640,-56.396,2.75,3.61
306,38,-3.762,-37.623,1.81,0.24
307,63,-16.291,-162.913,-2.98,2.68
308,49,-4.981,-49.806,3.17,1.47
309,18,-2.939,-29.388,1.09,3.71
310,57,-9.275,-92.754,-0.66,4.55
311,83,-12.359,-123.588,4.44,2.72
312,21,-5.336,-53.360,1.90,-0.13
313,42,-3.867,-38.667,0.94,3.97
314,95,-7.585,-75.849,-1.61,1.11
315,57,-2.526,-25.262,1.44,0.47
316,73,-6.211,-62.106,-1.42,2.60
317,45,-11.878,-118.778,-2.35,1.20
318,53,-2.582,-25.824,0.91,3.60
319,88,-6.036,-60.359,0.54,-0.41
320,91,-4.420,-44.200,-0.99,1.31
321,6,-3.177,-31.767,1.23,0.23
322,20,-9.796,-97.963,-1.79,0.58
323,96,-1.814,-18.136,2.20,1.39
324,2,-10.268,-102.680,-1.27,4.26
325,31,-8.306,-83.062,0.43,-0.83
326,21,-6.147,-61.469,2.64,0.14
327,28,-8.467,-84.671,3.77,2.90
328,3,-0.910,-9.096,1.13,2.94
329,40,-6.786,-67.862,3.17,3.45
330,41,-2.959,-29.588,1.98,0.59
331,36,-7.767,-77.669,-1.74,2.49
332,86,-7.767,-77.669,-1.74,2.49
333,95,-4.156,-41.558,1.52,3.97
334,39,-0.692,-6.922,1.80,1.78
335,42,-3.902,-39.016,2.15,3.61
336,82,-0.737,-7.372,0.70,2.80
337,92,-0.562,-5.615,0.25,1.93
338,67,-5.951,-59.509,-0.43,3.98
339,50,-7.331,-73.305,3.60,1.25
340,92,-10.762,-107.625,4.14,2.95
341,71,-0.614,-6.139,0.63,2.69
342,46,-1.922,-19.222,2.15,1.22
343,36,-2.526,-25.261,-0.39,1.23
344,99,-0.031,-0.306,1.05,1.83
345,90,-7.837,-78.371,-1.79,2.28
346,67,-0.333,-3.332,1.57,2.10
347,4,-27.387,-273.872,-4.23,2.10
348,2,-1.342,-13.416,2.03,1.47
349,55,-23.322,-233.221,1.13,6.83
350,26,-14.824,-148.242,-2.05,-0.35
351,52,-8.474,-84.736,0.33,-0.83
352,31,-1.459,-14.594,1.00,0.79
353,51,-0.287,-2.870,0.77,2.48
354,49,-2.143,-21.431,-0.43,2.32
355,96,-3.511,-35.105,0.31,3.74
356,33,-0.879,-8.790,1.73,2.58
357,95,-5.795,-57.952,3.39,2.27
358,61,-1.005,-10.053,0.50,2.87
359,92,-7.118,-71.177,-1.31,3.33
360,54,-2.412,-24.122,-0.40,1.33
361,13,-3.700,-37.002,0.00,3.64
362,1,-1.824,-18.238,1.63,0.80
363,77,-5.077,-50.771,-1.05,2.93
364,82,-0.489,-4.886,0.39,1.66
365,63,-20.319,-203.186,0.24,6.44
366,31,-19.712,-197.117,-1.38,5.75
367,93,-9.499,-94.994,-1.72,3.44
368,30,-13.185,-131.852,-0.10,-1.46
369,26,-16.513,-165.134,1.13,-2.06
370,74,-16.666,-166.662,-0.75,5.69
371,53,-7.960,-79.602,2.55,4.36
372,65,-5.467,-54.666,1.86,-0.18
373,94,-17.575,-175.751,2.60,-1.88
374,27,-20.816,-208.156,-0.41,-2.34
375,30,-9.344,-93.442,-1.77,3.29
376,54,-3.870,-38.698,-0.96,1.87
377,41,-3.998,-39.980,-0.23,0.43
378,82,-31.098,-310.982,6.24,3.91
379,19,-24.593,-245.933,0.53,6.94
380,47,-11.692,-116.922,3.69,4.11
381,21,-3.495,-34.952,1.69,3.74
382,23,-4.693,-46.928,2.18,0.18
383,79,-3.078,-30.784,-0.20,0.72
384,80,-2.232,-22.320,0.19,0.74
385,31,-2.094,-20.937,1.42,0.61
386,8,-4.682,-46.824,2.37,3.68
387,14,-3.728,-37.275,2.92,1.80
388,90,-26.432,-264.324,6.09,1.28
389,60,-6.063,-60.635,2.43,-0.01
390,50,-2.882,-28.815,-0.47,2.85
391,79,-25.433,-254.334,2.18,-2.90
392,98,-3.683,-36.835,-0.91,1.84
393,10,-3.293,-32.927,0.64,3.78
394,10,-10.700,-107.005,3.07,-0.53
395,14,-0.583,-5.826,0.63,1.33
396,12,-1.330,-13.296,1.45,3.06
397,86,-12.585,-125.851,1.84,-1.45
398,64,-13.563,-135.634,-1.86,-0.32
399,16,-13.277,-132.765,-2.55,2.83
400,34,-1.277,-12.771,-0.06,2.40
401,66,-1.018,-10.176,0.45,1.15
402,65,-0.100,-0.998,1.30,1.89
403,7,-4.127,-41.272,2.23,3.62
404,4,-22.033,-220.335,-0.21,-2.54
405,65,-22.473,-224.728,-1.55,6.00
406,62,-1.854,-18.540,-0.34,1.78
407,66,-5.775,-57.749,0.18,4.26
408,66,-1.363,-13.631,1.19,3.15
409,80,-13.464,-134.644,4.49,0.88
410,37,-15.870,-158.705,4.88,2.88
411,30,-26.178,-261.778,5.59,4.27
412,17,-22.696,-226.955,5.76,2.25
413,38,-11.375,-113.752,2.22,-1.14
414,13,-1.911,-19.106,2.38,1.96
415,87,-3.277,-32.768,1.61,0.30
416,98,-3.991,-39.907,-0.78,1.09
417,52,-7.051,-70.506,-1.55,1.27
418,0,-28.091,-280.910,-3.65,4.55
419,93,-3.623,-36.233,1.78,0.27
420,91,-18.872,-188.723,-3.19,3.14
421,71,-10.895,-108.953,1.63,5.24
422,52,-19.049,-190.488,5.14,0.60
423,5,-2.979,-29.794,2.36,0.94
424,94,-4.917,-49.170,-0.21,0.14
425,34,-1.896,-18.962,0.30,0.81
426,79,-6.528,-65.282,-1.50,2.52
427,75,-4.528,-45.276,0.29,4.01
428,57,-6.655,-66.549,2.77,3.88
429,78,-1.928,-19.277,-0.23,1.35
430,9,-1.316,-13.165,1.87,2.75
431,39,-8.426,-84.257,-1.21,0.11
432,56,-3.934,-39.340,2.13,0.37
433,77,-4.556,-45.558,2.74,0.77
434,73,-3.318,-33.176,1.45,3.76
435,98,-4.335,-43.347,2.64,3.28
436,84,-6.638,-66.376,1.74,-0.47
437,14,-1.799,-17.987,2.09,1.22
438,72,-2.869,-28.691,-0.63,1.55
439,33,-13.485,-134.847,3.77,-0.41
440,76,-10.558,-105.579,-1.54,4.02
441,10,-6.757,-67.570,-0.44,-0.17
442,38,-6.757,-67.570,-0.44,-0.17
443,97,-11.784,-117.841,4.21,3.21
444,81,-1.615,-16.155,1.11,0.73
445,22,-10.271,-102.715,0.79,-1.20
446,48,-13.153,-131.532,3.10,-0.96
447,94,-16.684,-166.841,1.90,5.98
448,67,-16.639,-166.386,4.78,3.54
449,34,-5.419,-54.188,-0.73,0.44
450,49,-8.608,-86.082,1.59,-0.87
451,94,-11.852,-118.515,-0.47,5.11
452,91,-7.333,-73.334,3.60,1.23
453,20,-8.577,-85.767,-0.55,-0.48
454,21,-9.003,-90.028,-1.67,0.63
455,43,-3.829,-38.291,1.36,3.92
456,33,-9.586,-95.858,1.28,-1.08
457,35,-6.385,-63.851,0.53,-0.48
458,53,-2.286,-22.863,2.33,1.29
459,14,-16.148,-161.482,-1.01,-1.48
460,58,-6.798,-67.978,-0.78,0.09
461,22,-9.749,-97.488,3.77,3.44
462,63,-7.167,-71.670,3.21,3.52
463,37,-4.568,-45.680,-1.12,1.76
464,86,-1.119,-11.193,0.65,1.00
465,75,-9.212,-92.117,-1.23,-0.06
466,16,-5.554,-55.539,-0.63,0.30
467,95,-6.079,-60.793,2.98,3.46
468,8,-11.515,-115.151,-0.02,5.24
469,25,-2.333,-23.328,1.68,3.37
470,99,-4.974,-49.742,1.75,-0.10
471,66,-7.971,-79.709,3.70,2.81
472,89,-13.579,-135.790,3.08,5.04
473,84,-9.596,-95.962,3.04,-0.33
474,43,-0.642,-6.416,1.73,1.67
475,51,-1.277,-12.770,1.78,1.18
476,53,-2.773,-27.729,0.37,0.46
477,6,-16.239,-162.390,-2.74,0.50
478,62,-13.550,-135.496,4.40,0.59
479,99,-0.011,-0.109,1.04,2.09
480,41,-5.202,-52.019,-0.39,0.19
481,17,-8.697,-86.971,-1.94,1.82
482,60,-7.642,-76.423,2.04,4.56
483,51,-7.975,-79.745,-0.46,-0.42
484,42,-1.525,-15.251,1.71,0.99
485,77,-5.471,-54.710,2.90,0.64
486,19,-9.204,-92.042,3.03,-0.25
487,52,-4.590,-45.902,2.70,0.70
488,21,-6.587,-65.871,-1.49,2.62
489,91,-26.173,-261.731,-3.77,3.85
490,26,-1.272,-12.716,0.21,2.80
491,46,-2.217,-22.171,-0.44,1.60
492,26,-13.317,-133.170,-1.00,5.05
493,92,-13.473,-134.725,2.07,-1.51
494,34,-12.039,-120.390,4.08,0.41
495,78,-0.872,-8.717,0.32,2.64
496,26,-18.255,-182.546,3.75,5.27
497,63,-23.038,-230.378,-0.77,-2.46
498,86,-10.631,-106.307,-0.68,-0.79
499,9,-1.944,-19.442,0.48,0.70
500,23,-0.558,-5.581,0.53,2.58
501,97,-19.234,-192.339,-0.68,-2.05
502,49,-7.396,-73.960,3.70,2.30
503,51,-8.948,-89.481,3.24,0.02
504,66,-17.072,-170.715,4.89,0.60
505,81,-2.717,-27.165,-0.64,2.17
506,13,-15.864,-158.639,-0.81,5.55
507,80,-14.816,-148.163,3.54,-0.89
508,96,-2.149,-21.492,1.51,3.37
509,56,-18.374,-183.737,1.84,6.20
510,38,-1.045,-10.449,1.92,2.44
511,22,-31.913,-319.128,4.71,-2.26
512,67,-4.516,-45.165,2.42,0.42
513,31,-1.337,-13.371,-0.08,2.41
514,56,-8.325,-83.251,-1.83,1.42
515,25,-1.685,-16.847,2.25,2.33
516,37,-7.458,-74.583,3.68,1.47
517,89,-6.179,-61.791,0.67,4.46
518,35,-8.544,-85.443,1.40,-0.90
519,65,-0.584,-5.844,1.76,2.06
520,62,-1.302,-13.024,2.07,1.61
521,88,-10.216,-102.159,3.36,-0.16
522,2,-4.299,-42.995,2.19,0.30
523,5,-0.104,-1.041,0.68,2.03
524,34,-2.752,-27.519,0.31,0.49
525,65,-14.146,-141.459,3.09,5.12
526,70,-2.354,-23.536,1.68,0.63
527,28,-7.679,-76.793,1.51,-0.72
528,88,-4.146,-41.465,0.08,0.19
529,12,-14.505,-145.055,2.45,-1.52
530,8,-4.115,-41.146,2.17,0.34
531,56,-27.961,-279.610,-4.10,0.59
532,51,-16.590,-165.903,-2.06,4.69
533,52,-6.407,-64.072,-1.52,2.19
534,72,-18.161,-181.606,-3.25,1.74
535,94,-0.038,-0.381,1.13,2.15
536,97,-2.866,-28.661,0.13,3.45
537,52,-7.898,-78.981,0.25,4.71
538,25,-2.050,-20.504,0.01,3.04
539,87,-8.191,-81.912,-1.81,2.53
540,78,-25.848,-258.481,5.63,-0.11
541,46,-0.163,-1.628,0.99,2.40
542,16,-19.574,-195.743,1.99,-2.31
543,37,-21.849,-218.485,5.32,3.79
544,67,-5.652,-56.519,-1.28,1.34
545,25,-0.554,-5.538,1.68,1.70
546,60,-0.791,-7.912,1.76,1.53
547,76,-4.405,-44.049,3.10,2.09
548,73,-13.146,-131.464,0.93,5.63
549,70,-7.548,-75.483,0.98,4.75
550,80,-4.127,-41.273,2.21,3.63
551,97,-14.321,-143.205,-1.72,-0.63
552,91,-26.963,-269.627,3.80,6.37
553,77,-9.085,-90.848,3.26,4.00
554,93,-33.470,-334.697,-3.19,5.99
555,10,-0.605,-6.047,0.45,1.45
556,31,-4.820,-48.199,-1.15,1.58
557,48,-3.354,-33.538,0.02,0.45
558,47,-3.873,-38.727,0.25,3.82
559,93,-8.883,-88.833,3.00,-0.21
560,51,-15.088,-150.881,4.88,2.10
561,68,-18.407,-184.068,1.68,6.24
562,7,-12.494,-124.938,0.02,5.40
563,24,-24.677,-246.775,-3.56,3.96
564,62,-3.865,-38.653,2.07,0.35
565,53,-11.635,-116.351,4.41,2.02
566,89,-2.092,-20.917,1.09,3.44
567,2,-1.171,-11.713,0.29,2.82
568,15,-6.210,-62.100,-1.37,2.78
569,28,-13.976,-139.760,-0.09,-1.58
570,1,-0.356,-3.558,1.49,2.34
571,75,-0.148,-1.478,0.74,2.28
572,25,-1.947,-19.472,-0.32,1.53
573,96,-0.681,-6.808,0.19,1.86
574,19,-0.250,-2.498,1.02,2.50
575,25,-7.186,-71.862,0.07,-0.51
576,61,-3.379,-33.793,2.38,3.22
577,91,-1.514,-15.136,2.19,1.68
578,59,-9.647,-96.472,-1.81,0.67
579,88,-0.988,-9.877,0.22,1.39
580,60,-5.005,-50.046,2.94,0.88
581,33,-14.897,-148.968,0.21,5.78
582,70,-5.077,-50.769,2.91,3.19
583,94,-2.441,-24.409,1.73,0.62
584,57,-8.576,-85.756,3.24,0.11
585,9,-7.713,-77.130,3.72,1.42
586,0,-4.692,-46.918,-0.38,3.67
587,4,-4.362,-43.621,3.04,1.57
588,20,-0.632,-6.316,0.58,1.33
589,35,-0.078,-0.784,1.10,2.26
590,68,-4.137,-41.373,-0.36,3.51
591,52,-3.175,-31.747,-0.57,1.15
592,97,-7.274,-72.743,-1.46,0.88
593,63,-10.261,-102.607,3.80,0.44
594,46,-14.198,-141.985,-2.30,3.82
595,22,-5.316,-53.165,-1.07,0.99
596,32,-5.965,-59.645,2.26,4.09
597,4,-1.083,-10.833,0.56,1.06
598,95,-1.185,-11.845,-0.04,2.32
599,61,-2.097,-20.971,2.27,2.69
600,17,-4.170,-41.698,1.72,3.91
601,34,-5.901,-59.010,0.44,-0.36
602,60,-3.168,-31.678,-0.77,1.82
603,96,-5.993,-59.928,2.66,0.20
604,14,-1.136,-11.357,1.98,1.59
605,6,-5.582,-55.825,-1.08,3.13
606,0,-5.582,-55.825,-1.08,3.13
607,97,-2.831,-28.312,-0.61,1.52
608,76,-3.634,-36.337,-0.70,1.13
609,63,-3.445,-34.454,0.48,0.22
610,7,-7.345,-73.446,0.19,-0.59
611,27,-5.410,-54.103,1.82,4.17
612,63,-3.119,-31.185,-0.74,2.30
613,67,-1.757,-17.571,1.79,3.06
614,89,-14.077,-140.771,3.79,4.51
615,90,-11.874,-118.744,2.18,-1.24
616,41,-14.528,-145.277,2.99,-1.25
617,95,-9.930,-99.296,1.58,-1.10
618,72,-3.100,-30.996,0.24,3.59
619,22,-17.464,-174.644,3.85,-1.05
620,36,-0.885,-8.850,0.23,1.46
621,33,-3.707,-37.072,-0.81,1.34
622,71,-15.435,-154.350,-2.93,1.91
623,30,-3.736,-37.363,1.12,0.07
624,54,-1.712,-17.116,1.49,3.21
625,38,-16.165,-161.648,-3.02,1.86
626,4,-25.441,-254.406,-0.38,-2.85
627,61,-8.072,-80.723,-1.68,2.95
628,92,-2.346,-23.461,2.30,2.80
629,27,-6.111,-61.108,2.51,0.05
630,31,-0.597,-5.969,0.31,2.34
631,97,-1.884,-18.845,1.23,3.35
632,88,-7.693,-76.931,-1.76,1.70
633,86,-5.886,-58.857,1.29,4.41
634,65,-56.294,-562.942,8.44,2.95
635,47,-13.617,-136.165,4.69,2.10
636,35,-11.752,-117.516,4.33,1.19
637,59,-20.804,-208.039,-1.50,-1.81
638,47,-6.086,-60.860,-1.17,3.18
639,46,-0.276,-2.759,1.27,1.55
640,77,-3.195,-31.947,-0.69,1.41
641,91,-6.097,-60.968,2.99,3.46
642,81,-4.764,-47.644,-0.68,3.39
643,97,-4.637,-46.367,-1.09,2.52
644,82,-1.539,-15.386,2.18,1.62
645,47,-51.548,-515.478,-6.10,3.09
646,31,-5.942,-59.416,-1.40,2.45
647,77,-0.060,-0.605,0.76,1.93
648,89,-18.587,-185.868,-2.97,0.33
649,7,-8.803,-88.026,0.63,4.94
650,10,-12.079,-120.787,-2.02,0.28
651,74,-2.414,-24.138,0.00,0.81
652,95,-20.299,-202.986,4.96,-0.15
653,96,-1.300,-13.000,0.91,0.86
654,54,-12.148,-121.476,3.58,-0.34
655,89,-10.453,-104.526,4.23,1.90
656,68,-7.221,-72.207,2.72,4.06
657,30,-10.226,-102.261,-1.77,3.60
658,7,-3.688,-36.885,2.29,0.58
659,8,-11.834,-118.345,4.32,2.88
660,48,-27.312,-273.124,-2.71,5.68
661,40,-1.134,-11.336,1.69,2.82
662,28,-0.629,-6.290,1.72,2.33
663,49,-0.756,-7.564,1.85,1.83
664,59,-14.865,-148.653,-0.33,5.62
665,98,-13.768,-137.675,-1.19,-0.99
666,94,-0.814,-8.141,0.38,1.35
667,23,-7.881,-78.806,-1.80,2.23
668,41,-6.231,-62.314,1.77,-0.37
669,32,-9.192,-91.916,1.19,5.03
670,52,-5.245,-52.453,3.16,1.23
671,88,-5.667,-56.673,-1.37,1.74
672,19,-4.932,-49.318,-0.27,0.18
673,16,-8.849,-88.494,1.55,-0.92
674,47,-2.592,-25.916,2.60,1.86
675,98,-8.756,-87.556,0.36,-0.89
676,66,-15.435,-154.346,1.64,5.88
677,6,-8.244,-82.440,-0.08,4.66
678,51,-7.187,-71.866,3.30,0.62
679,61,-14.209,-142.089,-2.54,3.29
680,59,-10.743,-107.427,2.87,4.69
681,70,-9.808,-98.082,4.11,2.37
682,79,-1.445,-14.446,2.20,1.98
683,49,-3.900,-39.002,0.07,3.74
684,43,-15.530,-155.301,1.61,5.89
685,4,-2.520,-25.204,1.00,3.59
686,41,-17.809,-178.091,-2.88,0.33
687,43,-7.312,-73.120,3.67,2.43
688,83,-13.040,-130.403,4.55,2.66
689,30,-10.121,-101.212,3.99,3.10
690,74,-10.199,-101.986,-1.98,3.14
691,9,-8.749,-87.490,2.51,-0.54
692,59,-7.283,-72.831,2.48,4.26
693,11,-0.789,-7.885,0.33,1.41
694,28,-22.502,-225.015,-1.78,-1.84
695,11,-19.313,-193.132,4.49,-0.67
696,82,-4.660,-46.599,3.07,2.62
697,13,-0.158,-1.576,1.28,2.28
698,77,-0.176,-1.761,1.22,1.65
699,6,-11.096,-110.962,3.70,0.05
700,35,-5.454,-54.542,1.82,4.19
701,60,-10.825,-108.248,-2.05,3.23
702,25,-0.960,-9.596,0.57,1.12
703,77,-12.288,-122.881,2.18,-1.30
704,38,-12.127,-121.274,3.87,0.03
705,4,-19.428,-194.276,1.82,6.33
706,76,-22.500,-225.005,-0.61,6.46
707,78,-2.401,-24.013,1.08,0.45
708,42,-6.294,-62.941,3.51,2.06
709,35,-18.559,-185.590,2.72,-1.95
710,34,-26.525,-265.254,-0.31,-2.98
711,76,-19.412,-194.116,0.43,6.37
712,68,-4.040,-40.399,0.98,-0.01
713,15,-5.124,-51.237,3.14,1.26
714,40,-7.608,-76.084,3.76,2.11
715,93,-19.929,-199.287,2.86,6.06
716,27,-18.151,-181.514,1.58,6.22
717,34,-5.894,-58.936,-1.23,1.05
718,35,-0.664,-6.642,1.72,1.63
719,15,-0.457,-4.573,0.79,2.64
720,24,-3.601,-36.011,2.39,3.29
721,15,-5.765,-57.649,2.68,0.28
722,40,-5.055,-50.546,2.75,3.41
723,18,-0.637,-6.369,0.92,1.21
724,13,-24.359,-243.589,2.94,6.54
725,5,-4.264,-42.639,3.01,1.54
726,33,-0.734,-7.335,0.16,1.83
727,55,-3.045,-30.454,2.65,1.44
728,95,-14.973,-149.729,-2.40,0.15
729,5,-6.049,-60.493,-1.45,1.75
730,53,-6.199,-61.994,-0.31,4.12
731,61,-4.627,-46.271,-0.89,0.97
732,76,-0.242,-2.417,0.51,1.98
733,21,-22.687,-226.869,-3.72,1.35
734,23,-11.776,-117.755,-1.82,0.05
735,73,-0.529,-5.294,0.35,2.32
736,18,-16.928,-169.281,-2.97,3.09
737,66,-6.122,-61.220,3.47,2.14
738,37,-5.573,-55.726,-1.33,1.59
739,16,-10.784,-107.837,-0.76,4.77
740,55,-3.558,-35.584,2.09,0.46
741,94,-10.927,-109.267,-1.51,-0.16
742,50,-13.959,-139.588,2.11,-1.57
743,89,-9.522,-95.221,-1.22,-0.15
744,88,-13.026,-130.258,-0.76,-1.15
745,72,-1.974,-19.737,-0.14,2.83
746,37,-2.007,-20.071,-0.13,2.85
747,39,-0.359,-3.591,0.89,1.41
748,30,-3.970,-39.704,-0.95,1.60
749,22,-8.256,-82.559,1.37,4.85
750,14,-4.813,-48.127,-1.19,1.84
751,74,-13.809,-138.088,4.58,1.00
752,39,-10.464,-104.638,1.44,-1.20
753,39,-10.831,-108.314,-2.29,2.04
754,24,-12.216,-122.158,0.19,-1.40
755,25,-1.991,-19.908,0.59,0.65
756,77,-18.050,-180.498,-0.59,-1.94
757,29,-1.414,-14.144,2.15,1.70
758,88,-28.336,-283.363,-2.61,5.91
759,77,-3.993,-39.930,0.29,3.87
760,62,-5.986,-59.864,-1.36,1.34
761,1,-5.986,-59.864,-1.36,1.34
762,38,-6.726,-67.263,-1.47,1.22
763,74,-0.649,-6.486,0.26,2.31
764,59,-7.313,-73.127,-1.69,2.29
765,97,-11.633,-116.330,-0.06,-1.24
766,97,-2.045,-20.448,0.70,0.60
767,81,-9.041,-90.408,1.51,-0.96
768,45,-5.713,-57.131,-0.36,3.96
769,53,-4.430,-44.298,-1.07,1.64
770,3,-1.829,-18.290,0.31,0.84
771,32,-1.612,-16.122,2.26,1.82
772,25,-1.695,-16.948,-0.20,1.49
773,40,-16.591,-165.908,3.44,-1.26
774,98,-13.526,-135.257,2.58,5.32
775,69,-1.480,-14.797,1.78,1.07
776,53,-0.116,-1.157,1.15,2.30
777,89,-13.877,-138.766,-1.06,-1.11
778,88,-16.771,-167.710,-2.65,3.86
779,60,-2.652,-26.524,-0.56,2.46
780,95,-0.979,-9.792,0.42,1.20
781,40,-9.116,-91.159,0.49,4.98
782,37,-5.072,-50.722,-1.05,1.06
783,61,-16.498,-164.979,-3.06,1.80
784,27,-26.397,-263.967,2.38,6.95
785,34,-15.021,-150.209,3.83,-0.65
786,15,-3.571,-35.714,0.26,3.74
787,78,-8.419,-84.190,0.66,4.88
788,28,-0.945,-9.448,0.29,1.33
789,20,-20.915,-209.153,1.69,-2.52
790,3,-6.527,-65.266,1.53,4.50
791,62,-19.475,-194.754,5.41,2.16
792,79,-10.348,-103.476,-0.60,4.79
793,86,-3.469,-34.687,0.14,3.65
794,32,-1.287,-12.871,0.58,0.95
795,77,-12.894,-128.944,-1.35,-0.72
796,72,-13.900,-139.001,1.39,5.71
797,14,-7.998,-79.975,-1.08,0.08
798,38,-1.669,-16.685,1.37,3.24
799,47,-24.135,-241.348,-0.08,-2.79
800,52,-7.514,-75.138,1.49,4.70
801,89,-19.159,-191.595,-1.87,-1.31
802,43,-22.855,-228.554,-3.47,3.70
803,73,-1.868,-18.683,1.48,3.28
804,31,-2.242,-22.417,-0.50,2.03
805,3,-9.250,-92.500,-0.30,-0.75
806,69,-12.159,-121.588,3.38,4.55
807,85,-1.638,-16.384,1.91,1.10
808,46,-5.930,-59.298,0.43,4.37
809,46,-7.655,-76.551,0.81,-0.76
810,7,-15.025,-150.250,4.84,2.55
811,21,-11.200,-112.002,1.38,-1.32
812,73,-12.824,-128.239,-1.42,4.64
813,24,-24.874,-248.738,-0.28,-2.82
814,38,-6.945,-69.450,0.42,4.57
815,39,-6.144,-61.443,2.77,0.26
816,80,-11.179,-111.789,4.09,3.28
817,60,-5.464,-54.639,2.45,3.84
818,54,-1.457,-14.568,-0.12,2.45
819,30,-0.289,-2.887,1.36,2.40
820,8,-1.567,-15.671,1.61,0.90
821,40,-4.404,-44.044,2.13,0.23
822,23,-4.404,-44.044,2.13,0.23
823,20,-8.624,-86.244,2.36,4.60
824,8,-3.238,-32.385,1.68,0.33
825,1,-11.757,-117.572,4.19,0.74
826,49,-9.826,-98.261,-2.09,2.52
827,81,-4.587,-45.869,-1.14,1.96
828,69,-2.826,-28.262,2.31,0.95
829,67,-8.597,-85.971,-0.70,-0.39
830,44,-10.856,-108.558,4.23,1.34
831,18,-8.522,-85.217,3.21,0.10
832,79,-3.289,-32.886,1.27,3.79
833,72,-15.133,-151.334,-0.10,-1.73
834,33,-1.082,-10.815,1.06,3.04
835,14,-3.338,-33.378,-0.56,1.05
836,44,-0.092,-0.921,1.14,1.73
837,48,-3.112,-31.122,2.51,2.91
838,39,-1.945,-19.452,-0.21,2.69
839,79,-0.058,-0.581,1.16,1.82
840,48,-5.830,-58.302,2.73,0.31
841,76,-10.095,-100.954,2.07,-0.99
842,47,-20.720,-207.203,1.59,6.51
843,37,-0.912,-9.115,1.95,2.00
844,3,-20.408,-204.078,3.90,5.46
845,39,-1.409,-14.094,0.82,3.17
846,45,-9.301,-93.006,3.72,3.39
847,38,-8.767,-87.670,3.63,0.64
848,80,-16.629,-166.291,3.51,-1.21
849,9,-2.652,-26.524,0.26,3.45
850,3,-18.645,-186.445,1.57,6.28
851,88,-15.939,-159.393,-2.46,3.99
852,96,-4.237,-42.367,-0.81,2.98
853,13,-1.053,-10.526,0.87,0.98
854,87,-16.799,-167.989,-2.08,-0.71
855,32,-9.438,-94.375,-0.84,-0.46
856,82,-9.508,-95.076,-0.02,4.91
857,56,-5.189,-51.891,-1.28,1.90
858,64,-19.007,-190.069,5.35,2.20
859,25,-0.056,-0.561,1.19,1.86
860,76,-7.716,-77.163,3.29,0.42
861,69,-4.527,-45.272,-1.09,2.40
862,29,-9.717,-97.166,2.49,-0.74
863,58,-1.238,-12.381,1.68,2.88
864,40,-15.251,-152.507,2.95,-1.39
865,10,-11.180,-111.801,4.04,3.39
866,20,-24.987,-249.865,-1.48,-2.34
867,55,-13.085,-130.846,0.33,-1.55
868,7,-10.066,-100.663,4.17,1.83
869,96,-0.707,-7.067,1.43,1.28
870,12,-11.407,-114.068,2.22,-1.15
871,97,-15.761,-157.606,-2.62,3.63
872,43,-4.699,-46.993,1.36,-0.14
873,93,-5.503,-55.026,-0.98,3.26
874,49,-5.376,-53.763,1.78,-0.18
875,92,-1.209,-12.085,0.38,1.09
876,76,-6.074,-60.735,-1.09,3.31
877,70,-1.887,-18.874,-0.19,2.69
878,43,-1.185,-11.848,2.03,2.35
879,30,-5.783,-57.829,3.00,0.66
880,47,-4.089,-40.885,2.82,1.12
881,61,-14.382,-143.816,-1.05,5.19
882,60,-1.931,-19.306,-0.26,1.42
883,13,-12.545,-125.451,3.87,-0.07
884,57,-0.565,-5.654,0.35,1.62
885,14,-4.419,-44.187,-1.10,1.95
886,89,-3.455,-34.551,-0.81,1.59
887,96,-2.108,-21.084,0.58,0.61
888,99,-3.614,-36.144,-0.54,0.88
889,92,-8.110,-81.102,3.82,2.37
890,21,-10.042,-100.419,-0.14,4.96
891,5,-16.384,-163.844,4.81,0.65
892,72,-3.607,-36.070,-0.88,1.70
893,54,-0.860,-8.597,0.41,1.29
894,65,-7.988,-79.883,-0.03,4.63
895,62,-1.099,-10.991,0.28,1.24
896,99,-0.909,-9.089,0.05,1.89
897,26,-35.673,-356.731,-2.09,7.11
898,49,-5.119,-51.189,2.60,0.40
899,23,-9.801,-98.012,-0.27,-0.86
900,48,-12.669,-126.694,-2.18,3.60
901,88,-17.979,-179.793,4.47,-0.44
902,18,-1.213,-12.128,-0.10,2.04
903,77,-16.743,-167.426,-0.62,5.76
904,77,-12.202,-122.020,-2.36,1.04
905,81,-16.064,-160.635,4.29,4.29
906,31,-5.674,-56.736,3.29,1.33
907,96,-7.253,-72.534,2.02,4.49
908,51,-3.541,-35.409,-0.57,3.04
909,60,-7.138,-71.380,0.16,-0.54
910,37,-3.761,-37.609,1.75,3.79
911,76,-1.907,-19.071,-0.07,2.88
912,22,-24.685,-246.847,0.68,6.96
913,74,-3.535,-35.348,-0.86,1.74
914,84,-20.122,-201.219,0.47,6.45
915,57,-4.929,-49.294,3.03,1.10
916,60,-13.822,-138.215,4.42,0.53
917,73,-9.391,-93.905,2.25,4.80
918,39,-0.998,-9.978,1.75,1.34
919,33,-0.195,-1.949,1.11,1.57
920,96,-5.188,-51.883,3.06,2.97
921,65,-2.703,-27.027,2.61,1.68
922,23,-5.444,-54.444,1.96,4.13
923,66,-2.987,-29.872,-0.08,0.65
924,79,-0.098,-0.981,0.76,1.80
925,63,-9.660,-96.596,2.78,-0.55
926,3,-14.855,-148.547,2.43,5.58
927,9,-2.727,-27.267,2.56,1.45
928,22,-3.848,-38.477,-0.47,3.30
929,52,-0.527,-5.267,0.64,2.63
930,87,-0.444,-4.439,0.34,1.91
931,82,-7.348,-73.482,0.49,-0.66
932,54,-2.780,-27.796,0.69,0.36
933,44,-13.479,-134.794,-1.96,-0.18
934,33,-15.313,-153.126,-1.00,5.36
935,97,-0.302,-3.022,0.46,2.11
936,25,-10.270,-102.700,4.16,1.46
937,35,-7.813,-78.129,2.69,-0.23
938,7,-1.548,-15.484,1.92,1.16
939,72,-5.276,-52.761,3.09,2.95
940,4,-12.127,-121.269,4.40,2.75
941,95,-4.715,-47.147,3.00,1.15
942,34,-6.434,-64.344,-0.83,3.76
943,79,-0.342,-3.424,0.49,2.28
944,46,-6.918,-69.178,-1.60,1.57
945,28,-2.785,-27.853,1.55,3.57
946,63,-2.453,-24.527,2.39,2.73
947,80,-10.614,-106.138,3.64,0.09
948,14,-1.075,-10.753,2.03,2.14
949,34,-6.664,-66.644,3.48,1.29
950,50,-6.544,-65.437,-1.55,2.23
951,21,-0.489,-4.892,1.29,1.36
952,31,-6.494,-64.936,-0.51,-0.05
953,33,-5.615,-56.150,0.95,-0.37
954,61,-0.848,-8.476,1.48,2.79
955,57,-10.609,-106.086,-0.26,-1.01
956,71,-5.482,-54.816,2.81,3.49
957,60,-15.307,-153.073,4.14,4.33
958,55,-4.756,-47.559,2.22,0.19
959,51,-6.941,-69.409,-1.56,2.64
960,73,-6.575,-65.746,-1.17,3.37
961,67,-0.511,-5.111,0.98,2.71
962,13,-0.617,-6.168,1.53,2.58
963,57,-20.241,-202.406,1.80,-2.43
964,98,-11.650,-116.499,2.27,5.17
965,47,-24.965,-249.651,1.98,-2.90
966,90,-8.379,-83.788,-0.81,4.26
967,83,-3.966,-39.661,-0.93,2.50
968,70,-6.602,-66.024,-1.16,0.61
969,72,-0.475,-4.746,1.24,2.64
970,38,-11.735,-117.345,1.28,5.41
971,90,-11.553,-115.535,1.05,-1.40
972,95,-4.506,-45.058,2.28,0.30
973,21,-1.443,-14.431,2.08,1.48
974,4,-4.478,-44.782,-0.30,3.67
975,2,-1.555,-15.554,0.28,3.02
976,46,-5.032,-50.320,-0.78,0.64
977,34,-2.849,-28.490,0.80,0.32
978,96,-7.828,-78.284,-1.25,3.66
979,76,-1.500,-15.003,1.41,3.15
980,21,-4.600,-46.002,1.00,-0.14
981,16,-5.343,-53.435,1.86,-0.15
982,53,-7.816,-78.156,2.95,-0.01
983,55,-2.143,-21.430,-0.36,2.54
984,8,-0.074,-0.741,0.93,1.74
985,17,-2.169,-21.690,2.47,2.08
986,40,-13.534,-135.339,0.99,5.68
987,47,-5.390,-53.897,3.29,1.63
988,17,-16.141,-161.413,3.58,-1.08
989,64,-25.415,-254.151,4.79,5.32
990,64,-4.624,-46.240,-0.46,0.42
991,36,-1.747,-17.472,-0.32,2.09
992,10,-6.243,-62.428,3.50,2.06
993,42,-0.684,-6.843,0.19,1.83
994,76,-2.353,-23.532,2.48,1.58
995,38,-38.147,-381.466,-1.26,-3.75
996,68,-21.203,-212.029,-0.99,6.15
997,45,-0.359,-3.595,0.66,2.50
998,85,-3.204,-32.035,2.06,3.44
999,45,-6.422,-64.224,2.30,-0.18
